Label,count
hr,7.609624844210214
rr,6.0282420335096605
nibp_sbp,4.609821452573411
nibp_dbp,4.609559225007147
spo2,4.534719477595331
bt,4.3581920340863025
nibp_mbp,2.096405539781139
vent,0.4732008074677384
crrt,0.11639372957081744
ecmo,0.039163297574684244
iabp,0.003492040362627803
